Date,Name,Year,Letterboxd URI,Rating,Rewatch,Tags,Watched Date
2019-07-26,Midsommar,2019,https://boxd.it/LM7It,4,,,2019-07-04
2019-07-26,Toy Story 4,2019,https://boxd.it/LM7Ff,3,,,2019-07-11
2019-07-25,Black Mirror: Smithereens,2019,https://boxd.it/LHFfZ,3,,,2019-07-22
2019-07-25,"Black Mirror: Rachel, Jack and Ashley Too",2019,https://boxd.it/LKqYh,2.5,,,2019-07-24
2019-07-26,Long Shot,2019,https://boxd.it/LM5sj,2,,,2019-07-25
2019-08-01,Do the Right Thing,1989,https://boxd.it/M84kR,4,Yes,,2019-07-31
2019-08-05,Locke,2013,https://boxd.it/Mjq7R,3.5,Yes,,2019-08-04
2019-09-07,The Town,2010,https://boxd.it/O2Q23,3.5,,,2019-08-23
2019-09-01,Mary Queen of Scots,2018,https://boxd.it/NKwqj,2.5,,,2019-08-30
2019-09-02,The Souvenir,2019,https://boxd.it/NNfW9,3,,,2019-09-01
2019-09-07,Her Smell,2018,https://boxd.it/O2PXx,3,,,2019-09-06
2019-09-15,Shoplifters,2018,https://boxd.it/Osn7Z,3.5,,,2019-09-14
2019-09-17,Blade Runner 2049,2017,https://boxd.it/OBtt1,4,Yes,,2019-09-16
2019-09-22,First Man,2018,https://boxd.it/OQy41,3.5,Yes,,2019-09-21
2019-09-23,Zero Dark Thirty,2012,https://boxd.it/OSQod,3,Yes,,2019-09-22
2019-10-09,Joker,2019,https://boxd.it/PMne1,3,,,2019-10-08
2019-10-11,Peterloo,2018,https://boxd.it/PRJfl,2.5,,,2019-10-10
2019-10-19,The Art of Self-Defense,2019,https://boxd.it/Ql0bj,3,,,2019-10-18
2019-10-24,The Laundromat,2019,https://boxd.it/QEbmP,3,,,2019-10-22
2019-10-25,Us,2019,https://boxd.it/QHgi5,3.5,,,2019-10-23
2019-10-27,Dunkirk,2017,https://boxd.it/QPuyx,4,Yes,,2019-10-26
2019-11-02,The King,2019,https://boxd.it/RcYBx,3,,,2019-11-01
2019-12-18,Knives Out,2019,https://boxd.it/U2OAV,4,,,2019-11-28
2019-12-18,The Irishman,2019,https://boxd.it/U2Ov7,3.5,,,2019-12-16
2019-12-21,Marriage Story,2019,https://boxd.it/UgNdf,4,,,2019-12-19
2019-12-21,All Is True,2018,https://boxd.it/UgN2h,2.5,,,2019-12-20
2019-12-21,Booksmart,2019,https://boxd.it/UgN5F,3.5,,,2019-12-20
2019-12-23,Paddington 2,2017,https://boxd.it/UtvFB,3.5,Yes,,2019-12-22
2019-12-24,The Two Popes,2019,https://boxd.it/UuFMf,3,,,2019-12-23
2019-12-29,Little Women,2019,https://boxd.it/V0ghv,3.5,,,2019-12-28
2019-12-30,Ad Astra,2019,https://boxd.it/V3kHj,3,,,2019-12-29
2019-12-30,A Private War,2018,https://boxd.it/V3kUd,3,,,2019-12-29
2019-12-30,John Mulaney & The Sack Lunch Bunch,2019,https://boxd.it/V3l6N,2,,,2019-12-29
2019-12-31,The Happy Prince,2018,https://boxd.it/V6AcR,2,,,2019-12-30
2019-12-31,The Talented Mr. Ripley,1999,https://boxd.it/V7ROZ,4,Yes,,2019-12-30
2019-12-31,Pawn Sacrifice,2014,https://boxd.it/V9MXB,2.5,,,2019-12-30
2020-01-01,Klaus,2019,https://boxd.it/Vdyvh,3,,,2019-12-31
2020-01-01,Jojo Rabbit,2019,https://boxd.it/VeQmf,3,,,2019-12-31
2020-01-04,Parasite,2019,https://boxd.it/Vz4vl,4.5,,,2020-01-02
2020-01-05,Hustlers,2019,https://boxd.it/VGfWB,2.5,,,2020-01-04
2020-01-12,Star Wars: The Rise of Skywalker,2019,https://boxd.it/WiB7B,3,,,2020-01-08
2020-01-13,1917,2019,https://boxd.it/Wu029,4,,,2020-01-12
2020-01-22,Won't You Be My Neighbor?,2018,https://boxd.it/XmUNt,4,Yes,,2020-01-19
2020-01-31,Honey Boy,2019,https://boxd.it/Y3VGf,3,,,2020-01-30
2020-01-31,Withnail & I,1987,https://boxd.it/Y4dph,3,,,2020-01-30
2020-02-05,The Lighthouse,2019,https://boxd.it/Yxl1v,3.5,,,2020-02-04
2020-02-10,Uncut Gems,2019,https://boxd.it/YWT57,4,,,2020-02-09
2020-02-15,The Farewell,2019,https://boxd.it/ZoibX,3,,,2020-02-14
2020-02-18,Horse Girl,2020,https://boxd.it/ZIoYV,2.5,,,2020-02-17
2020-02-25,A Beautiful Day in the Neighborhood,2019,https://boxd.it/10k6kJ,3,,,2020-02-24
2020-03-22,Bombshell,2019,https://boxd.it/12njWb,2.5,,,2020-03-02
2020-03-22,"Happy New Year, Colin Burstead",2018,https://boxd.it/12nk9p,3,,,2020-03-16
2020-03-22,Honeyland,2019,https://boxd.it/12nkbv,4,,,2020-03-16
2020-03-22,Volver,2006,https://boxd.it/12nkep,3,,,2020-03-18
2020-03-22,Life of Brian,1979,https://boxd.it/12vcBh,3.5,,,2020-03-22
2020-03-30,Watchmen,2019,https://boxd.it/13k1SX,3,,,2020-03-28
2020-03-30,"Tiger King: Murder, Mayhem and Madness",2020,https://boxd.it/13k1Vd,2.5,,,2020-03-29
2020-04-02,Emma.,2020,https://boxd.it/13MUkH,2.5,,,2020-04-01
2020-04-04,Dangerous Liaisons,1988,https://boxd.it/13WU5d,3,,,2020-04-03
2020-04-07,Captain Fantastic,2016,https://boxd.it/14l0db,3,,,2020-04-05
2020-04-10,Portrait of a Lady on Fire,2019,https://boxd.it/14GLXd,4,,,2020-04-09
2020-04-14,The Lickerish Quartet,1970,https://boxd.it/15lefT,1.5,,,2020-04-13
2020-04-15,Wittgenstein,1993,https://boxd.it/15lLjz,3.5,,,2020-04-14
2020-04-15,The Street,2019,https://boxd.it/15sBCZ,3,,,2020-04-14
2020-04-17,Listen Up Philip,2014,https://boxd.it/15AyTf,2.5,,,2020-04-15
2020-04-17,Quiz,2020,https://boxd.it/15GdcB,2.5,,,2020-04-16
2020-04-18,Who You Think I Am,2019,https://boxd.it/15KA4N,3,,,2020-04-17
2020-04-26,Moffie,2019,https://boxd.it/16IYSn,3,,,2020-04-25
2020-04-28,Extraction,2020,https://boxd.it/170qoz,3,,,2020-04-27
2020-04-29,Mistress America,2015,https://boxd.it/175cyl,4,,,2020-04-28
2020-05-04,Short Term 12,2013,https://boxd.it/17MxvN,3.5,,,2020-05-03
2020-05-05,Friends with Money,2006,https://boxd.it/17QF15,4,,,2020-05-04
2020-05-06,Heaven Knows What,2014,https://boxd.it/17ZO9P,4,,,2020-05-05
2020-05-11,The Assistant,2019,https://boxd.it/18BbGB,3.5,,,2020-05-10
2020-05-11,The Man from U.N.C.L.E.,2015,https://boxd.it/18BtoP,3,Yes,,2020-05-10
2020-05-12,Princess Mononoke,1997,https://boxd.it/18JeMj,4,,,2020-05-11
2020-05-14,Mother,2009,https://boxd.it/18WfxF,3.5,,,2020-05-13
2020-05-22,The Dark Knight Rises,2012,https://boxd.it/19RbvT,3,Yes,,2020-05-21
2020-05-23,If Beale Street Could Talk,2018,https://boxd.it/1a13iH,4.5,,,2020-05-22
2020-05-24,Bohemian Rhapsody,2018,https://boxd.it/1a5c8z,2.5,,,2020-05-23
2020-05-29,The Lovebirds,2020,https://boxd.it/1aFGTR,2.5,,,2020-05-28
2020-06-02,Queen & Slim,2019,https://boxd.it/1b5Tvb,3.5,,,2020-06-01
2020-06-03,13th,2016,https://boxd.it/1bcjpF,3,,,2020-06-02
2020-06-05,Malcolm X,1992,https://boxd.it/1brB2J,4,,,2020-06-04
2020-06-07,The Black Power Mixtape 1967-1975,2011,https://boxd.it/1bAK0b,4.5,,,2020-06-06
2020-06-16,Training Day,2001,https://boxd.it/1cDRBX,3.5,,,2020-06-14
2020-06-16,Prisoners,2013,https://boxd.it/1cDRy5,4,,,2020-06-15
2020-06-16,Moneyball,2011,https://boxd.it/1cEkXj,3.5,Yes,,2020-06-16
2020-06-17,The Martian,2015,https://boxd.it/1cEDa1,3,Yes,,2020-06-16
2020-06-29,The Personal History of David Copperfield,2019,https://boxd.it/1dVvvX,3,,,2020-06-24
2020-06-29,mid90s,2018,https://boxd.it/1dVLnl,3.5,,,2020-06-29
2020-06-30,Only God Forgives,2013,https://boxd.it/1dW3oB,3,,,2020-06-29
2020-07-07,Da 5 Bloods,2020,https://boxd.it/1eG2kl,3.5,,,2020-07-06
2020-07-09,Hamilton,2020,https://boxd.it/1eWPVR,4,,,2020-07-08
2020-07-11,Kingdom,2019,https://boxd.it/1f9ByP,3,,,2020-07-11
2020-07-12,The Old Guard,2020,https://boxd.it/1fhNvp,2,,,2020-07-12
2020-07-13,I May Destroy You,2020,https://boxd.it/1fiBHP,3.5,,,2020-07-12
2020-07-14,Palm Springs,2020,https://boxd.it/1fvQrj,3,,,2020-07-14
2020-07-15,The Other Guys,2010,https://boxd.it/1fC3vl,1,,,2020-07-15
2020-07-18,Primal Fear,1996,https://boxd.it/1fP2f3,2.5,,,2020-07-16
2020-07-18,Blue Ruin,2013,https://boxd.it/1fPstZ,3,,,2020-07-17
2020-07-18,Green Room,2015,https://boxd.it/1fQhSr,3,,,2020-07-17
2020-07-27,Mary Poppins Returns,2018,https://boxd.it/1gKoZB,1.5,,,2020-07-26
2020-07-27,The Aristocats,1970,https://boxd.it/1gKpbd,3,,,2020-07-26
2020-07-30,Master and Commander: The Far Side of the World,2003,https://boxd.it/1h5aet,3.5,,,2020-07-29
2020-08-01,Inherent Vice,2014,https://boxd.it/1hhvhx,4,,,2020-07-31
2020-08-01,The American,2010,https://boxd.it/1hiN6z,2,,,2020-07-31
2020-08-06,Porco Rosso,1992,https://boxd.it/1hP8kh,4,,,2020-08-05
2020-08-07,Searching for Sugar Man,2012,https://boxd.it/1hVbVx,3,,,2020-08-06
2020-08-10,Deep Impact,1998,https://boxd.it/1id3af,3,,,2020-08-08
2020-08-10,The Lord of the Rings: The Fellowship of the Ring,2001,https://boxd.it/1id3hF,4.5,Yes,,2020-08-09
2020-08-14,The Lord of the Rings: The Two Towers,2002,https://boxd.it/1iD4Fl,4,Yes,,2020-08-11
2020-08-14,The Lord of the Rings: The Return of the King,2003,https://boxd.it/1iD4Jx,4,Yes,,2020-08-12
2020-08-25,Rent,2005,https://boxd.it/1jNZpX,2,,,2020-08-24
2020-08-25,Strictly Ballroom,1992,https://boxd.it/1jO08X,3,,,2020-08-24
2020-09-07,Mulan,2020,https://boxd.it/1laIib,3,,,2020-09-05
2020-09-07,Treasure Planet,2002,https://boxd.it/1laITr,3,Yes,,2020-09-05
2020-09-07,The Half of It,2020,https://boxd.it/1lbVqz,3,,,2020-09-06
2020-09-09,The King of Staten Island,2020,https://boxd.it/1lokx5,2.5,,,2020-09-08
2020-09-13,Boys State,2020,https://boxd.it/1lP2kr,3,,,2020-09-12
2020-09-13,Shrek 2,2004,https://boxd.it/1lP2DD,2.5,Yes,,2020-09-13
2020-09-15,La luna,2011,https://boxd.it/1m2XXL,3,,,2020-09-14
2020-09-15,Lou,2017,https://boxd.it/1m2Ybt,2.5,,,2020-09-14
2020-09-15,Piper,2016,https://boxd.it/1m2YuZ,3.5,,,2020-09-14
2020-09-15,The Blue Umbrella,2013,https://boxd.it/1m2YEF,2.5,,,2020-09-14
2020-09-15,Lava,2014,https://boxd.it/1m2YLr,1.5,,,2020-09-14
2020-09-15,Presto,2008,https://boxd.it/1m2YVV,2,,,2020-09-14
2020-09-15,Bao,2018,https://boxd.it/1m2Z15,3.5,,,2020-09-14
2020-09-17,13 Hours: The Secret Soldiers of Benghazi,2016,https://boxd.it/1mcQTR,1.5,,,2020-09-16
2020-09-24,Tenet,2020,https://boxd.it/1mZKcv,2.5,,,2020-09-17
2020-09-21,Bacurau,2019,https://boxd.it/1mEtW5,4,,,2020-09-20
2020-09-27,Knives Out,2019,https://boxd.it/1nfoQP,3,Yes,,2020-09-27
2020-09-29,Four Weddings and a Funeral,1994,https://boxd.it/1nq7l3,2.5,Yes,,2020-09-27
2020-10-07,Onward,2020,https://boxd.it/1oiotr,3,,,2020-10-06
2020-10-07,Ratatouille,2007,https://boxd.it/1oiYbj,3.5,Yes,,2020-10-06
2020-10-09,Greyhound,2020,https://boxd.it/1oup21,2,,,2020-10-08
2020-10-09,Official Secrets,2019,https://boxd.it/1ov7vL,3,,,2020-10-08
2020-10-09,Ocean's Eight,2018,https://boxd.it/1ovLtb,2,Yes,,2020-10-09
2020-10-16,Titanic,1997,https://boxd.it/1peyiT,4.5,Yes,,2020-10-15
2020-10-19,A Single Man,2009,https://boxd.it/1pzmip,4,,,2020-10-18
2020-10-23,The Trial of the Chicago 7,2020,https://boxd.it/1q0apd,3,,,2020-10-22
2020-10-25,The Devil All the Time,2020,https://boxd.it/1qe0El,2.5,,,2020-10-24
2020-10-26,Borat Subsequent Moviefilm,2020,https://boxd.it/1qkUAL,2.5,,,2020-10-24
2020-10-26,On the Rocks,2020,https://boxd.it/1qkUG5,3,,,2020-10-25
2020-10-26,A Very Murray Christmas,2015,https://boxd.it/1qlcpr,3,,,2020-10-25
2020-11-19,Somewhere,2010,https://boxd.it/1sTlpB,2.5,,,2020-10-25
2020-10-29,Rebecca,1940,https://boxd.it/1qK3FZ,3.5,,,2020-10-28
2020-10-30,Game Night,2018,https://boxd.it/1qPPnf,2,,,2020-10-28
2020-10-30,Twelve Monkeys,1995,https://boxd.it/1qPQ3b,3.5,,,2020-10-29
2020-11-01,21 Bridges,2019,https://boxd.it/1r21Dj,2,,,2020-10-31
2020-11-01,Ronin,1998,https://boxd.it/1r21Jr,3.5,,,2020-10-31
2020-11-01,Tinker Tailor Soldier Spy,2011,https://boxd.it/1r21SN,4.5,Yes,,2020-10-31
2020-11-07,Rocks,2019,https://boxd.it/1rKg6R,4,,,2020-11-07
2020-11-10,Sorry We Missed You,2019,https://boxd.it/1s2ElH,3.5,,,2020-11-09
2020-11-10,The Wind Rises,2013,https://boxd.it/1s36Hr,4,,,2020-11-09
2020-11-14,Burning,2018,https://boxd.it/1spjZn,4,,,2020-11-13
2020-11-14,My Octopus Teacher,2020,https://boxd.it/1spRDv,2.5,,,2020-11-13
2020-11-15,Shirley,2020,https://boxd.it/1svhNr,3.5,,,2020-11-14
2020-11-19,Some Like It Hot,1959,https://boxd.it/1sV53j,3.5,,,2020-11-18
2020-11-21,Rams,2015,https://boxd.it/1t6Zep,3,,,2020-11-20
2020-11-22,High Society,1956,https://boxd.it/1tePmp,4,Yes,,2020-11-22
2020-11-22,Klaus,2019,https://boxd.it/1tePqL,3,Yes,,2020-11-22
2020-11-22,Notting Hill,1999,https://boxd.it/1tePAV,4,Yes,,2020-11-22
2020-12-03,The Holiday,2006,https://boxd.it/1ut9Hp,3,Yes,,2020-12-02
2020-12-04,About Time,2013,https://boxd.it/1uC0Yf,4,,,2020-12-02
2020-12-05,Mank,2020,https://boxd.it/1uG8jH,2,,,2020-12-05
2020-12-06,Home Alone,1990,https://boxd.it/1uLIHZ,2.5,Yes,,2020-12-05
2020-12-07,'71,2014,https://boxd.it/1uWyx3,3.5,,,2020-12-06
2020-12-21,Harry Potter and the Philosopher's Stone,2001,https://boxd.it/1wujIn,3,Yes,,2020-12-18
2020-12-21,Harry Potter and the Chamber of Secrets,2002,https://boxd.it/1wujhB,2.5,Yes,,2020-12-19
2020-12-21,Bait,2019,https://boxd.it/1wuiPd,4,,,2020-12-20
2020-12-25,Lovers Rock,2020,https://boxd.it/1wX9Nb,4.5,,,2020-12-23
2020-12-27,Prospect,2018,https://boxd.it/1xsh2f,3.5,,,2020-12-27
2020-12-31,"Red, White and Blue",2020,https://boxd.it/1xZOLD,3.5,,,2020-12-28
2020-12-31,The Midnight Sky,2020,https://boxd.it/1xZOPv,2.5,,,2020-12-28
2021-01-06,Harry Potter and the Prisoner of Azkaban,2004,https://boxd.it/1z99hh,3.5,Yes,,2021-01-02
2021-01-04,Harry Potter and the Order of the Phoenix,2007,https://boxd.it/1ySc8D,3.5,Yes,,2021-01-03
2021-01-05,Harry Potter and the Goblet of Fire,2005,https://boxd.it/1z98VP,3,Yes,,2021-01-03
2021-01-06,An American Pickle,2020,https://boxd.it/1z9axv,2.5,,,2021-01-05
2021-01-06,Happiest Season,2020,https://boxd.it/1zaUcP,2,,,2021-01-05
2021-01-06,Harry Potter and the Deathly Hallows: Part 1,2010,https://boxd.it/1zhEyz,3.5,Yes,,2021-01-05
2021-01-07,Sound of Metal,2019,https://boxd.it/1zm4hx,5,,,2021-01-06
2021-01-30,Harry Potter and the Deathly Hallows: Part 2,2011,https://boxd.it/1CHStH,2.5,Yes,,2021-01-06
2021-01-09,First Cow,2019,https://boxd.it/1zCMI5,4.5,,,2021-01-08
2021-01-16,Saint Frances,2019,https://boxd.it/1AIxh5,3.5,,,2021-01-15
2021-01-23,Minari,2020,https://boxd.it/1BMm3X,4,,,2021-01-22
2021-01-30,The Lord of the Rings: The Fellowship of the Ring,2001,https://boxd.it/1CHSxp,4.5,Yes,,2021-01-24
2021-01-30,The Lord of the Rings: The Two Towers,2002,https://boxd.it/1CHSz1,4,Yes,,2021-01-28
2021-01-30,Black Bear,2020,https://boxd.it/1CHSAX,4,,,2021-01-29
2021-01-30,Only the Animals,2019,https://boxd.it/1CLyuX,4,,,2021-01-29
2021-04-08,Dark Waters,2019,https://boxd.it/1MeXJd,3.5,,,2021-02-01
2021-02-04,Soul,2020,https://boxd.it/1Dvmqh,3.5,,,2021-02-02
2021-02-06,The Big Short,2015,https://boxd.it/1DR4mb,4,,,2021-02-06
2021-02-09,Margin Call,2011,https://boxd.it/1Eg61J,4,,,2021-02-06
2021-02-09,The Dig,2021,https://boxd.it/1Eg5OZ,2.5,,,2021-02-07
2021-02-12,Synchronic,2019,https://boxd.it/1Eztmj,3,,,2021-02-11
2021-02-12,News of the World,2020,https://boxd.it/1EBb6r,2.5,,,2021-02-11
2021-02-20,Tag,2018,https://boxd.it/1FLOD9,3,,,2021-02-16
2021-02-20,Parasite,2019,https://boxd.it/1FLOMF,4.5,Yes,,2021-02-18
2021-02-22,I Care a Lot,2020,https://boxd.it/1G7oX7,3,,,2021-02-20
2021-02-22,The Wolf of Wall Street,2013,https://boxd.it/1G7q9N,4,,,2021-02-21
2021-02-22,Frances Ha,2012,https://boxd.it/1G7qrR,4,,,2021-02-21
2021-02-25,Starship Troopers,1997,https://boxd.it/1GwXmP,4.5,,,2021-02-24
2021-02-26,The Little Things,2021,https://boxd.it/1GDwur,3.5,,,2021-02-25
2021-02-26,War Dogs,2016,https://boxd.it/1GEgXT,3,,,2021-02-25
2021-02-26,Captain Marvel,2019,https://boxd.it/1GEPpH,1.5,,,2021-02-25
2021-03-01,The Report,2019,https://boxd.it/1H40UB,3,,,2021-02-28
2021-03-01,Funny Games,2007,https://boxd.it/1H40Zr,3,,,2021-02-28
2021-03-08,Our Kind of Traitor,2016,https://boxd.it/1I0jGf,2.5,,,2021-03-07
2021-04-09,Ms .45,1981,https://boxd.it/1MmT1R,3.5,,,2021-03-07
2021-03-13,Murder Among the Mormons,2021,https://boxd.it/1ICMlr,2,,,2021-03-12
2021-03-13,Spartan,2004,https://boxd.it/1ICNJ5,2.5,,,2021-03-12
2021-03-14,Argo,2012,https://boxd.it/1IQs7H,3.5,Yes,,2021-03-13
2021-03-14,Vanilla Sky,2001,https://boxd.it/1IQWzV,2.5,,,2021-03-14
2021-03-15,Raya and the Last Dragon,2021,https://boxd.it/1IRMQz,2,,,2021-03-14
2021-03-15,The Mauritanian,2021,https://boxd.it/1ISAFB,3.5,,,2021-03-14
2021-03-20,Over the Moon,2020,https://boxd.it/1Jyq6P,2.5,,,2021-03-17
2021-03-20,Derek DelGaudio's In & of Itself,2020,https://boxd.it/1JyZGj,3.5,,,2021-03-19
2021-03-28,The Core,2003,https://boxd.it/1KF1GV,2,,,2021-03-27
2021-03-28,Murder on the Orient Express,2017,https://boxd.it/1KGqSz,1.5,,,2021-03-27
2021-03-31,Widows,2018,https://boxd.it/1L6Ex3,3.5,Yes,,2021-03-30
2021-04-08,Hard Eight,1996,https://boxd.it/1MeXzd,3.5,,,2021-04-01
2021-04-04,Nomadland,2020,https://boxd.it/1LCxmB,3,,,2021-04-02
2021-04-04,Kiss Kiss Bang Bang,2005,https://boxd.it/1LCxpP,4,,,2021-04-02
2021-04-05,Good Time,2017,https://boxd.it/1LXeP7,4,Yes,,2021-04-04
2021-04-05,Seaspiracy,2021,https://boxd.it/1LXeRR,1.5,,,2021-04-05
2021-04-08,Donnie Brasco,1997,https://boxd.it/1MeY6h,3.5,,,2021-04-06
2021-04-09,Shiva Baby,2020,https://boxd.it/1MqTBD,3.5,,,2021-04-08
2021-04-10,Bad Trip,2021,https://boxd.it/1My3Mv,2,,,2021-04-09
2021-04-11,Possessor,2020,https://boxd.it/1MO80N,3.5,,,2021-04-11
2021-04-12,American History X,1998,https://boxd.it/1MPcq3,3.5,,,2021-04-11
2021-04-12,They Live,1988,https://boxd.it/1MPSIt,2.5,,,2021-04-11
2021-04-12,Train to Busan,2016,https://boxd.it/1MQPrB,3,,,2021-04-11
2021-04-12,The Climb,2019,https://boxd.it/1MRRoB,4,,,2021-04-11
2021-04-16,Page Eight,2011,https://boxd.it/1NorBl,3.5,,,2021-04-15
2021-04-19,Turks & Caicos,2014,https://boxd.it/1NZEUT,3.5,,,2021-04-15
2021-04-19,Salting the Battlefield,2014,https://boxd.it/1NZEXD,3,,,2021-04-15
2021-05-12,Victoria,2015,https://boxd.it/1RaAkL,5,,,2021-04-16
2021-04-22,Son of Saul,2015,https://boxd.it/1OiAzZ,4.5,,,2021-04-21
2021-04-23,Love and Monsters,2020,https://boxd.it/1Oohn3,,,,2021-04-22
2021-04-23,His House,2020,https://boxd.it/1Oqaq9,3,,,2021-04-22
2021-04-23,Stowaway,2021,https://boxd.it/1OqU49,2.5,,,2021-04-22
2021-04-26,Homunculus,2021,https://boxd.it/1OToxr,1,,,2021-04-25
2021-04-29,The Equalizer,2014,https://boxd.it/1Ponfj,3.5,,,2021-04-28
2021-04-29,The Long Goodbye,1973,https://boxd.it/1Ponhz,3.5,,,2021-04-28
2021-04-30,Only the Animals,2019,https://boxd.it/1PwdIr,4,Yes,,2021-04-29
2021-05-04,Tom Clancy's Without Remorse,2021,https://boxd.it/1Q8arX,2.5,,,2021-05-03
2021-05-04,Run,2020,https://boxd.it/1Q8aud,2,,,2021-05-03
2021-05-08,My Neighbor Totoro,1988,https://boxd.it/1QCBZH,4,,,2021-05-04
2021-05-08,Nashville,1975,https://boxd.it/1QCBS7,3.5,,,2021-05-07
2021-05-10,Hunger,2008,https://boxd.it/1QMDBR,4,,,2021-05-09
2021-05-12,Castle in the Sky,1986,https://boxd.it/1RaAhH,4,,,2021-05-10
2021-05-12,Victoria,2015,https://boxd.it/1RaAn1,5,Yes,,2021-05-11
2021-05-20,The Mitchells vs. The Machines,2021,https://boxd.it/1Sevsn,2,,,2021-05-19
2021-05-25,I Am Cuba,1964,https://boxd.it/1SPNVL,4.5,,,2021-05-21
2021-05-25,Tripping with Nils Frahm,2020,https://boxd.it/1SPO99,4.5,Yes,,2021-05-23
2021-05-25,The Hummingbird Project,2018,https://boxd.it/1SPOcR,2.5,,,2021-05-24
2021-06-07,Bo Burnham: Inside,2021,https://boxd.it/1Uy5td,3.5,,,2021-06-06
2021-06-07,Piercing,2018,https://boxd.it/1UzTsV,3,,,2021-06-06
2021-06-10,Badlands,1973,https://boxd.it/1UZ3dV,3,,,2021-06-09
2021-06-19,Atlantis,2019,https://boxd.it/1W2DkX,3.5,,,2021-06-18
2021-06-19,Bad Day for the Cut,2017,https://boxd.it/1W3cSF,3,,,2021-06-18
2021-06-22,Luca,2021,https://boxd.it/1WsKct,2,,,2021-06-20
2021-06-22,It's Only the End of the World,2016,https://boxd.it/1WsKgl,3,,,2021-06-20
2021-06-22,"Crazy, Stupid, Love.",2011,https://boxd.it/1WsKjT,3,,,2021-06-21
2021-06-22,Saint Maud,2019,https://boxd.it/1WsKpR,2.5,,,2021-06-21
2021-06-24,A Most Violent Year,2014,https://boxd.it/1WKaql,3,,,2021-06-23
2021-06-25,"People, Places, Things",2015,https://boxd.it/1WOh6b,3,,,2021-06-24
2021-06-26,The King of Comedy,1982,https://boxd.it/1WVnhD,3,,,2021-06-25
2021-06-26,Cold War,2018,https://boxd.it/1WVXVz,,,,2021-06-25
2021-06-26,The Lives of Others,2006,https://boxd.it/1WWDal,3.5,,,2021-06-25
2021-06-29,Dog Day Afternoon,1975,https://boxd.it/1XnHbB,3.5,,,2021-06-28
2021-07-07,Souvenir,2019,https://boxd.it/1YthkX,3,,,2021-07-06
2021-07-10,No Sudden Move,2021,https://boxd.it/1YSIqX,3,,,2021-07-09
2021-07-10,Conspiracy,2001,https://boxd.it/1YSIuP,2.5,,,2021-07-09
2021-07-10,Black Widow,2021,https://boxd.it/1YUWLJ,3,,,2021-07-09
2021-07-11,Once Upon a Time… in Hollywood,2019,https://boxd.it/1Z4MEj,3.5,Yes,,2021-07-10
2021-07-11,Your Name.,2016,https://boxd.it/1Z4MHR,4,,,2021-07-10
2021-07-13,Collective,2019,https://boxd.it/1Zp0nV,4,,,2021-07-12
2021-07-14,The Hunt,2012,https://boxd.it/1ZvlWT,4,,,2021-07-13
2021-07-14,Another Round,2020,https://boxd.it/1ZwQgh,4,,,2021-07-13
2021-07-20,Oxygen,2021,https://boxd.it/20s5KP,,,,2021-07-19
2021-07-22,Ikiru,1952,https://boxd.it/20Ma7X,4.5,,,2021-07-21
2021-07-23,Captain Phillips,2013,https://boxd.it/20RY8L,3.5,Yes,,2021-07-22
2021-08-02,Thor: Ragnarok,2017,https://boxd.it/22mxm3,3.5,Yes,,2021-08-01
2021-08-02,Nobody,2021,https://boxd.it/22mxtj,3,,,2021-08-01
2021-08-05,Blood Red Sky,2021,https://boxd.it/22LYJt,2.5,,,2021-08-02
2021-08-05,The Current War,2017,https://boxd.it/22LYX1,2.5,,,2021-08-04
2021-08-17,Beckett,2021,https://boxd.it/24E8r7,2.5,,,2021-08-14
2021-08-17,Zola,2020,https://boxd.it/24E8sz,3.5,,,2021-08-16
2021-08-21,The Suicide Squad,2021,https://boxd.it/254zxj,2,,,2021-08-20
2021-08-30,The Green Knight,2021,https://boxd.it/26nVHn,3.5,,,2021-08-21
2021-08-23,Munich,2005,https://boxd.it/25q6zf,4,,,2021-08-22
2021-08-28,The Emperor's New Groove,2000,https://boxd.it/264aqr,5,Yes,,2021-08-26
2021-08-28,Black Mass,2015,https://boxd.it/264alr,,,,2021-08-27
2021-08-28,Body of Lies,2008,https://boxd.it/264Op9,3,,,2021-08-27
2021-08-28,Jezebel,2019,https://boxd.it/265iWn,3,,,2021-08-27
2021-08-28,Crimson Tide,1995,https://boxd.it/26buw9,3,,,2021-08-27
2021-08-29,Rushmore,1998,https://boxd.it/26lkEd,3.5,,,2021-08-29
2021-08-30,Four Roads,2021,https://boxd.it/26mOrP,,,,2021-08-29
2021-08-30,Toni Erdmann,2016,https://boxd.it/26nVPB,3.5,,,2021-08-29
2021-08-30,The Rocketeer,1991,https://boxd.it/26oY9Z,2,,,2021-08-29
2021-08-30,I'm So Excited!,2013,https://boxd.it/26vWgD,3,,,2021-08-29
2021-09-07,A Cat in Paris,2010,https://boxd.it/27yPUB,3.5,,,2021-09-06
2021-09-09,Annette,2021,https://boxd.it/27Vov1,3,,,2021-09-07
2021-09-10,Worth,2020,https://boxd.it/27X5fH,2.5,,,2021-09-09
2021-09-10,Homefront,2013,https://boxd.it/27YV1z,2,,,2021-09-09
2021-09-25,Transit,2018,https://boxd.it/29WHjj,3.5,,,2021-09-24
2021-09-28,Song to Song,2017,https://boxd.it/2al2s5,2.5,,,2021-09-27
2021-09-28,Editing,2021,https://boxd.it/2albUn,,,,2021-09-27
2021-09-29,The Maltese Falcon,1941,https://boxd.it/2awo6R,3.5,,,2021-09-28
2021-09-29,True Story,2015,https://boxd.it/2aA1w1,,,,2021-09-29
2021-10-04,No Time to Die,2021,https://boxd.it/2bfgYr,3,,,2021-10-02
2021-10-04,The Guilty,2021,https://boxd.it/2bfhhN,2,,,2021-10-03
2021-10-08,Count Me In,2021,https://boxd.it/2bT4SB,2,,,2021-10-08
2021-10-09,Carlito's Way,1993,https://boxd.it/2bTEZN,3.5,,,2021-10-08
2021-10-10,The Wind Rises,2013,https://boxd.it/2c6hsH,4.5,Yes,,2021-10-09
2021-10-11,Limbo,2020,https://boxd.it/2chFf5,4,,,2021-10-10
2021-10-19,Joker,2019,https://boxd.it/2dywXP,3,Yes,,2021-10-17
2021-10-19,Free Guy,2021,https://boxd.it/2dyx39,2,,,2021-10-17
2021-10-21,The Forgotten Battle,2020,https://boxd.it/2dMxIp,3.5,,,2021-10-20
2021-10-25,Luce,2019,https://boxd.it/2erNj3,4,,,2021-10-24
2021-10-25,Official Secrets,2019,https://boxd.it/2eyRCH,3,Yes,,2021-10-25
2021-10-27,The Last Black Man in San Francisco,2019,https://boxd.it/2eLrE9,3.5,,,2021-10-26
2021-10-27,Dune,2021,https://boxd.it/2eOssz,4,,,2021-10-26
2021-10-28,My Best Friend's Wedding,1997,https://boxd.it/2eW1mb,3.5,,,2021-10-27
2021-11-08,Argo,2012,https://boxd.it/2gHw5X,3.5,Yes,,2021-11-07
2021-11-08,Safe House,2012,https://boxd.it/2gHwbB,2.5,,,2021-11-07
2021-11-12,Close Enemies,2018,https://boxd.it/2ho47H,,,,2021-11-11
2021-11-19,Red Notice,2021,https://boxd.it/2iqjZR,1.5,,,2021-11-18
2021-11-19,Cabaret,1972,https://boxd.it/2iqk6X,3.5,,,2021-11-18
2021-11-19,Collateral Beauty,2016,https://boxd.it/2iqkrL,,,,2021-11-18
2021-11-20,Eurovision Song Contest: The Story of Fire Saga,2020,https://boxd.it/2ixEwP,2,,,2021-11-19
2021-11-22,"tick, tick...BOOM!",2021,https://boxd.it/2iUixx,2.5,,,2021-11-20
2021-11-22,Kingdom of Heaven,2005,https://boxd.it/2iUiDP,3.5,,,2021-11-21
2021-11-29,Gone Baby Gone,2007,https://boxd.it/2k4Mfn,,,,2021-11-29
2021-11-30,Kiki's Delivery Service,1989,https://boxd.it/2k94s3,4,,,2021-11-29
2021-12-01,The Jackal,1997,https://boxd.it/2kejcz,3,,,2021-11-30
2021-12-02,Inside Job,2010,https://boxd.it/2kmsA7,4,,,2021-12-01
2021-12-02,Sleepers,1996,https://boxd.it/2knVnt,3,,,2021-12-01
2021-12-05,Hanna,2011,https://boxd.it/2kO7vB,2.5,,,2021-12-04
2021-12-05,The Last Duel,2021,https://boxd.it/2kO7zX,3,,,2021-12-04
2021-12-06,Shang-Chi and the Legend of the Ten Rings,2021,https://boxd.it/2l1BnN,1.5,,,2021-12-05
2021-12-07,Operation Finale,2018,https://boxd.it/2l9NOn,,,,2021-12-06
2021-12-20,Red Joan,2018,https://boxd.it/2nayFb,2.5,,,2021-12-18
2021-12-20,The Harder They Fall,2021,https://boxd.it/2nayKb,2.5,,,2021-12-19
2021-12-20,The Power of the Dog,2021,https://boxd.it/2neo2B,2.5,,,2021-12-19
2021-12-20,Eye in the Sky,2015,https://boxd.it/2nfukX,2.5,,,2021-12-19
2021-12-23,Marshall,2017,https://boxd.it/2nNKDJ,2.5,,,2021-12-22
2021-12-27,Don't Look Up,2021,https://boxd.it/2oJ1YD,2.5,,,2021-12-25
2021-12-27,Encanto,2021,https://boxd.it/2oJ289,3,,,2021-12-25
2021-12-27,The Birdcage,1996,https://boxd.it/2oJ0Al,5,Yes,,2021-12-26
2021-12-27,Dance of the Vampires,1967,https://boxd.it/2oJ0Ip,3,,,2021-12-26
2021-12-31,Benedetta,2021,https://boxd.it/2pMna1,3,,,2021-12-30
2022-01-01,The Matrix Resurrections,2021,https://boxd.it/2q0jFH,2,,,2021-12-31
2022-01-01,The Scary of Sixty-First,2021,https://boxd.it/2q134R,2,,,2021-12-31
2022-01-03,The Novice,2021,https://boxd.it/2qIjJ3,3,,,2022-01-02
2022-01-03,"OSS 117: Cairo, Nest of Spies",2006,https://boxd.it/2qIkfj,2.5,,,2022-01-02
2022-01-04,C'mon C'mon,2021,https://boxd.it/2r0HPZ,4,,,2022-01-03
2022-01-06,The Lost Daughter,2021,https://boxd.it/2rxJ1t,3.5,,,2022-01-05
2022-01-09,Outside In,2017,https://boxd.it/2si89T,3.5,,,2022-01-08
2022-01-09,Dune,2021,https://boxd.it/2sj1c9,4,Yes,,2022-01-08
2022-01-10,Come from Away,2021,https://boxd.it/2syVSP,2.5,,,2022-01-09
2022-01-15,Licorice Pizza,2021,https://boxd.it/2tR6g3,4,,,2022-01-14
2022-01-16,The Tragedy of Macbeth,2021,https://boxd.it/2u6EIl,3.5,,,2022-01-15
2022-01-18,The Card Counter,2021,https://boxd.it/2uy88h,3.5,,,2022-01-17
2022-01-18,Censor,2021,https://boxd.it/2uAzcz,2.5,,,2022-01-17
2022-01-19,Ron's Gone Wrong,2021,https://boxd.it/2uT2uX,2.5,,,2022-01-18
2022-01-19,The 400 Blows,1959,https://boxd.it/2uT2zj,3.5,,,2022-01-18
2022-01-29,A Hero,2021,https://boxd.it/2wRk3z,3.5,,,2022-01-28
2022-01-31,Toy Story 3,2010,https://boxd.it/2xhDJh,3.5,Yes,,2022-01-30
2022-01-31,Munich: The Edge of War,2021,https://boxd.it/2xjXMT,2.5,,,2022-01-30
2022-02-02,Possession,1981,https://boxd.it/2xMtfX,3,,,2022-02-02
2022-02-03,Pig,2021,https://boxd.it/2xMWQD,3,,,2022-02-02
2022-02-03,The Way Back,2020,https://boxd.it/2xNNJb,3,,,2022-02-02
2022-02-03,The Naked Gun: From the Files of Police Squad!,1988,https://boxd.it/2xPEuP,,,,2022-02-02
2022-02-12,Flee,2021,https://boxd.it/2ztbdJ,4,,,2022-02-11
2022-02-13,Last Night in Soho,2021,https://boxd.it/2zGykz,2,,,2022-02-12
2022-02-13,Unbreakable,2000,https://boxd.it/2zNjcJ,2,,,2022-02-13
2022-03-01,The Gentlemen,2019,https://boxd.it/2CxPkF,1.5,,,2022-02-28
2022-03-01,22 July,2018,https://boxd.it/2CxPpb,2.5,,,2022-02-28
2022-03-08,7500,2019,https://boxd.it/2DVnIh,2.5,,,2022-03-07
2022-03-14,Turning Red,2022,https://boxd.it/2F23TR,2.5,,,2022-03-13
2022-03-18,Red Rocket,2021,https://boxd.it/2FLlSn,4,,,2022-03-17
2022-03-21,Fresh,2022,https://boxd.it/2GjUKr,3,,,2022-03-20
2022-03-21,Deep Water,2022,https://boxd.it/2Gle6D,,,,2022-03-20
2022-03-28,The Batman,2022,https://boxd.it/2HHLPz,2.5,,,2022-03-27
2022-03-31,Icarus,2017,https://boxd.it/2I7ORb,3.5,Yes,,2022-03-29
2022-04-01,Everything Everywhere All at Once,2022,https://boxd.it/2IlLIt,4.5,,,2022-03-31
2022-04-03,The Alpinist,2021,https://boxd.it/2IC9UZ,2.5,,,2022-04-01
2022-04-04,Windfall,2022,https://boxd.it/2IUK9d,,,,2022-04-03
2022-04-07,Black Crab,2022,https://boxd.it/2JqiFT,2,,,2022-04-06
2022-05-19,The Contractor,2022,https://boxd.it/2QPTKf,2,,,2022-05-16
2022-05-19,Everything Everywhere All at Once,2022,https://boxd.it/2QPTQn,4.5,Yes,,2022-05-17
2022-05-19,The Courier,2020,https://boxd.it/2QPTTV,2.5,,,2022-05-18
2022-05-22,The Constant Gardener,2005,https://boxd.it/2RnKNd,3,,,2022-05-21
2022-05-25,Little Big Man,1970,https://boxd.it/2S7yZD,3,,,2022-05-25
2022-05-26,The Dead Don't Die,2019,https://boxd.it/2SbDUV,,,,2022-05-25
2022-06-16,Kursk,2018,https://boxd.it/2VStt9,2.5,,,2022-06-15
2022-06-18,All the Old Knives,2022,https://boxd.it/2W91x7,1,,,2022-06-17
2022-06-18,RRR,2022,https://boxd.it/2WaCRF,3.5,,,2022-06-17
2022-06-18,Spiderhead,2022,https://boxd.it/2Wbmht,2.5,,,2022-06-17
2022-07-04,The Northman,2022,https://boxd.it/2ZdLJt,2.5,,,2022-07-03
2022-07-04,The Unbearable Weight of Massive Talent,2022,https://boxd.it/2ZlPAL,3,,,2022-07-03
2022-07-19,"Anne at 13,000 Ft.",2019,https://boxd.it/32dMZ5,3.5,,,2022-07-18
2022-07-20,Internal Affairs,1990,https://boxd.it/32qkFH,,,,2022-07-19
2022-07-25,The Gray Man,2022,https://boxd.it/33C16L,1.5,,,2022-07-24
2022-07-27,Doctor Strange in the Multiverse of Madness,2022,https://boxd.it/33R7dj,1.5,,,2022-07-26
2022-08-07,The Ghost Writer,2010,https://boxd.it/36qkQr,2.5,,,2022-08-05
2022-08-07,Dunkirk,2017,https://boxd.it/36ufhJ,3.5,Yes,,2022-08-06
2022-08-08,The Good Shepherd,2006,https://boxd.it/36IOx1,3,,,2022-08-07
2022-08-11,Bullet Train,2022,https://boxd.it/37n8ID,2.5,,,2022-08-10
2022-08-11,Crimes of the Future,2022,https://boxd.it/37n8Pp,3,,,2022-08-10
2022-08-13,The Guard,2011,https://boxd.it/37RORd,3,,,2022-08-13
2022-08-13,Fantastic Beasts: The Secrets of Dumbledore,2022,https://boxd.it/37S1VH,1,,,2022-08-13
2022-08-13,Punch-Drunk Love,2002,https://boxd.it/37SsVz,2,,,2022-08-13
2022-08-14,Bad Luck Banging or Loony Porn,2021,https://boxd.it/37Up2Z,3,,,2022-08-13
2022-08-14,Apocalypse Now,1979,https://boxd.it/37X1i1,3.5,,,2022-08-13
2022-08-16,Whisper of the Heart,1995,https://boxd.it/38wTR5,3,,,2022-08-15
2022-08-21,Nope,2022,https://boxd.it/39lw8t,3.5,,,2022-08-20
2022-08-22,Local Hero,1983,https://boxd.it/39BtWH,3.5,,,2022-08-21
2022-08-23,Persuasion,2022,https://boxd.it/39Ptoj,2.5,,,2022-08-22
2022-08-26,Ambulance,2022,https://boxd.it/3aqoXd,2.5,,,2022-08-25
2022-09-14,His Girl Friday,1940,https://boxd.it/3dU4Yd,3,,,2022-09-13
2022-09-15,RRR,2022,https://boxd.it/3e9bvn,3.5,Yes,,2022-09-14
2022-09-20,Thor: Love and Thunder,2022,https://boxd.it/3eYZwd,1,,,2022-09-19
2022-09-20,Blue Velvet,1986,https://boxd.it/3eZutJ,,,,2022-09-19
2022-09-20,Disobedience,2017,https://boxd.it/3f1Rk5,3,,,2022-09-19
2022-09-24,Coherence,2013,https://boxd.it/3fKPOn,3,,,2022-09-23
2022-09-25,Pom Poko,1994,https://boxd.it/3fWbbJ,3,,,2022-09-24
2022-09-25,Bringing Up Baby,1938,https://boxd.it/3fXwcb,3,,,2022-09-24
2022-09-30,25th Hour,2002,https://boxd.it/3gVrZR,,,,2022-09-29
2022-09-30,Ponyo,2008,https://boxd.it/3gWGtj,,,,2022-09-29
2022-10-06,Emily the Criminal,2022,https://boxd.it/3ig3rn,3,,,2022-10-05
2022-10-07,The Hudsucker Proxy,1994,https://boxd.it/3irhaR,3.5,,,2022-10-06
2022-10-12,The Outfit,2022,https://boxd.it/3jxzIX,2,,,2022-10-11
2022-10-13,The Ipcress File,1965,https://boxd.it/3jJmzR,2.5,,,2022-10-12
2022-10-15,The Souvenir,2019,https://boxd.it/3kfFu1,4,Yes,,2022-10-13
2022-10-15,The Worst Person in the World,2021,https://boxd.it/3kfEQ1,3.5,,,2022-10-14
2022-10-16,The Souvenir: Part II,2021,https://boxd.it/3kn0Qr,3,,,2022-10-15
2022-10-18,The Godfather,1972,https://boxd.it/3kYoK7,,,,2022-10-17
2022-10-18,The Godfather: Part II,1974,https://boxd.it/3kYoLJ,,,,2022-10-18
2022-10-23,Dazed and Confused,1993,https://boxd.it/3lObbd,3.5,,,2022-10-22
2022-10-23,Kicking and Screaming,1995,https://boxd.it/3lOboL,3.5,,,2022-10-22
2022-10-24,Tripping with Nils Frahm,2020,https://boxd.it/3lZQPP,4.5,Yes,,2022-10-23
2022-10-24,Not Okay,2022,https://boxd.it/3m1KYP,2.5,,,2022-10-23
2022-10-24,Rififi,1955,https://boxd.it/3m43gB,4,,,2022-10-23
2022-10-25,State and Main,2000,https://boxd.it/3mihQh,3,,,2022-10-24
2022-10-26,Triple Frontier,2019,https://boxd.it/3mtu93,,,,2022-10-25
2022-10-26,The Favourite,2018,https://boxd.it/3mv3HB,4,,,2022-10-25
2022-10-27,Dual,2022,https://boxd.it/3mDHMR,2.5,,,2022-10-26
2022-10-27,Cha Cha Real Smooth,2022,https://boxd.it/3mO6xH,3.5,,,2022-10-26
2022-10-29,Christiane F.,1981,https://boxd.it/3n2RnH,3,,,2022-10-28
2022-10-30,The Commuter,2018,https://boxd.it/3nea6R,2,,,2022-10-29
2022-10-30,X,2022,https://boxd.it/3neXf9,3,,,2022-10-29
2022-10-30,Pearl,2022,https://boxd.it/3nfDYl,3,,,2022-10-29
2022-10-30,Wild Things,1998,https://boxd.it/3ngAuf,2.5,,,2022-10-29
2022-10-30,The Scapegoat,2012,https://boxd.it/3nsxon,2,,,2022-10-30
2022-10-30,The Stranger,2022,https://boxd.it/3nsxvD,3,,,2022-10-30
2022-10-31,Enemy,2013,https://boxd.it/3ntCpx,3,,,2022-10-30
2022-10-31,The Good Nurse,2022,https://boxd.it/3nw6mx,2,,,2022-10-30
2022-10-31,Hellraiser,1987,https://boxd.it/3nzTd1,3.5,,,2022-10-30
2022-11-03,"Confess, Fletch",2022,https://boxd.it/3odrP7,3.5,,,2022-11-02
2022-11-03,Speak No Evil,2022,https://boxd.it/3odEiP,3,,,2022-11-02
2022-11-05,All Quiet on the Western Front,2022,https://boxd.it/3oBw3P,3.5,,,2022-11-04
2022-11-06,Irresistible,2020,https://boxd.it/3oVWGX,2,,,2022-11-05
2022-11-08,Nausicaä of the Valley of the Wind,1984,https://boxd.it/3pjZ2T,,,,2022-11-07
2022-11-09,Pride,2014,https://boxd.it/3pwFIr,3,,,2022-11-08
2022-11-09,Before Sunrise,1995,https://boxd.it/3pH1lz,3.5,,,2022-11-09
2022-11-10,The Lord of the Rings: The Two Towers,2002,https://boxd.it/3pMXoV,4,Yes,,2022-11-09
2023-01-12,The Banshees of Inisherin,2022,https://boxd.it/3GHGRp,3.5,,,2022-11-15
2022-11-21,The Lord of the Rings: The Return of the King,2003,https://boxd.it/3s2kWT,4,Yes,,2022-11-20
2022-12-02,Aftersun,2022,https://boxd.it/3ujRBL,4,,,2022-12-01
2022-12-12,A Knight's Tale,2001,https://boxd.it/3wnB0v,3.5,,,2022-12-11
2022-12-12,Ocean's Eight,2018,https://boxd.it/3wnBAj,2.5,Yes,,2022-12-11
2023-01-12,Amsterdam,2022,https://boxd.it/3GHHLx,3,,,2022-12-13
2023-01-12,Don't Worry Darling,2022,https://boxd.it/3GHJ6L,2,,,2022-12-13
2022-12-20,The Incredibles,2004,https://boxd.it/3yuMLT,4,Yes,,2022-12-19
2022-12-20,Incredibles 2,2018,https://boxd.it/3yuMPL,3,Yes,,2022-12-19
2022-12-21,TÁR,2022,https://boxd.it/3yyJJN,4,,,2022-12-20
2022-12-22,Three Thousand Years of Longing,2022,https://boxd.it/3yMcxR,2,,,2022-12-21
2022-12-22,Before Sunset,2004,https://boxd.it/3yNCpB,3,,,2022-12-21
2022-12-29,Glass Onion,2022,https://boxd.it/3BtWYD,3.5,,,2022-12-28
2023-01-01,White Noise,2022,https://boxd.it/3CqxKp,3.5,,,2022-12-31
2023-01-01,Bros,2022,https://boxd.it/3Csfgl,1.5,,,2022-12-31
2023-01-02,Vengeance,2022,https://boxd.it/3CFh93,2,,,2023-01-01
2023-01-02,Avatar: The Way of Water,2022,https://boxd.it/3CNR4T,3,,,2023-01-01
2023-01-02,Mission: Impossible – Rogue Nation,2015,https://boxd.it/3CQzPX,,,,2023-01-01
2023-01-03,Louis Armstrong's Black & Blues,2022,https://boxd.it/3Dbm8D,3,,,2023-01-02
2023-01-08,Pinocchio,2022,https://boxd.it/3Fze1P,2.5,,,2023-01-07
2023-01-08,The Menu,2022,https://boxd.it/3Fze7D,3.5,,,2023-01-07
2023-01-12,Triangle of Sadness,2022,https://boxd.it/3GN0dJ,3.5,,,2023-01-11
2023-01-13,Decision to Leave,2022,https://boxd.it/3H8bmf,3.5,,,2023-01-12
2023-01-20,"Quo Vadis, Aida?",2020,https://boxd.it/3Jp6f1,3,,,2023-01-19
2023-01-21,Total Recall,1990,https://boxd.it/3JHgCF,3.5,,,2023-01-20
2023-02-01,Babylon,2022,https://boxd.it/3NhlZj,3,,,2023-01-31
2023-02-05,She Said,2022,https://boxd.it/3OpDqB,2.5,,,2023-02-04
2023-02-09,Close,2022,https://boxd.it/3PDQov,3.5,,,2023-02-08
2023-02-12,Return to Seoul,2022,https://boxd.it/3QpChL,3.5,,,2023-02-11
2023-02-17,Women Talking,2022,https://boxd.it/3RPETN,2.5,,,2023-02-16
2023-02-21,Aftersun,2022,https://boxd.it/3SWkAJ,4,Yes,,2023-02-20
2023-02-28,Decision to Leave,2022,https://boxd.it/3V7Ott,3,Yes,,2023-02-26
2023-03-06,TÁR,2022,https://boxd.it/3WJOpV,4,Yes,,2023-03-05
2023-04-02,Tetris,2023,https://boxd.it/43Ix35,2.5,,,2023-04-01
2023-04-02,Rye Lane,2023,https://boxd.it/43MFBx,3,,,2023-04-01
2023-04-05,Infinity Pool,2023,https://boxd.it/44PRDP,3,,,2023-04-05
2023-04-06,Sick of Myself,2022,https://boxd.it/44V0Xf,3.5,,,2023-04-05
2023-04-08,Cars,2006,https://boxd.it/45rR89,2.5,Yes,,2023-04-07
2023-04-08,The Darjeeling Limited,2007,https://boxd.it/45rRrv,3.5,Yes,,2023-04-07
2023-04-10,Father of the Bride,1991,https://boxd.it/469gXx,1.5,,,2023-04-09
2023-04-11,Air,2023,https://boxd.it/46EQG5,3.5,,,2023-04-10
2023-04-11,Guillermo del Toro's Pinocchio,2022,https://boxd.it/46EQLJ,4,,,2023-04-10
2023-04-17,Fire of Love,2022,https://boxd.it/484r6n,4,,,2023-04-16
2023-04-24,Barton Fink,1991,https://boxd.it/49TZwF,3.5,,,2023-04-23
2023-04-27,Sick,2022,https://boxd.it/4aFsYH,2.5,,,2023-04-26
2023-04-28,Candy Land,2022,https://boxd.it/4b533t,3,,,2023-04-28
2023-04-29,The Pale Blue Eye,2022,https://boxd.it/4bl6D7,2.5,,,2023-04-29
2023-05-04,A Good Person,2023,https://boxd.it/4cuQyf,2,,,2023-05-03
2023-05-04,Causeway,2022,https://boxd.it/4cyGlX,2.5,,,2023-05-03
2023-05-04,A Star Is Born,2018,https://boxd.it/4cyGyH,3,,,2023-05-03
2023-05-05,The Whale,2022,https://boxd.it/4cRdAx,3.5,,,2023-05-04
2023-05-15,How to Blow Up a Pipeline,2022,https://boxd.it/4foVCh,4,,,2023-05-14
2023-05-19,The Teachers’ Lounge,2023,https://boxd.it/4gsFRd,3.5,,,2023-05-18
2023-05-20,Croupier,1998,https://boxd.it/4gyzmv,3,,,2023-05-19
2023-05-22,The In-Laws,1979,https://boxd.it/4h2FOb,2.5,,,2023-05-21
2023-05-24,Happening,2021,https://boxd.it/4hJQgF,3.5,,,2023-05-23
2023-05-27,John Mulaney: Baby J,2023,https://boxd.it/4ip715,2.5,,,2023-05-26
2023-05-29,Analyze This,1999,https://boxd.it/4iZdYJ,3,,,2023-05-29
2023-06-05,John Wick: Chapter 4,2023,https://boxd.it/4kzbn3,3,,,2023-06-04
2023-06-05,Stars at Noon,2022,https://boxd.it/4kD3ON,3.5,,,2023-06-04
2023-06-06,L'Argent,1983,https://boxd.it/4kXbah,2.5,,,2023-06-05
2023-06-08,All the Beauty and the Bloodshed,2022,https://boxd.it/4luicP,3.5,,,2023-06-07
2023-06-10,Only Lovers Left Alive,2013,https://boxd.it/4mbB5T,3,,,2023-06-10
2023-06-11,Sexy Beast,2000,https://boxd.it/4mua7r,3,,,2023-06-11
2023-06-12,Corsage,2022,https://boxd.it/4muxIl,2.5,,,2023-06-11
2023-06-12,Before Midnight,2013,https://boxd.it/4mvH4H,3.5,,,2023-06-11
2023-06-18,The Thomas Crown Affair,1999,https://boxd.it/4o7juB,3,,,2023-06-17
2023-06-18,Career Opportunities,1991,https://boxd.it/4o7nbX,1.5,,,2023-06-17
2023-06-18,A Cure for Wellness,2016,https://boxd.it/4o9s5z,2.5,,,2023-06-17
2023-06-18,Shivers,1975,https://boxd.it/4obC8x,2,,,2023-06-17
2023-06-20,Jack & Sarah,1995,https://boxd.it/4oOiXX,3.5,,,2023-06-19
2023-06-21,Asteroid City,2023,https://boxd.it/4pg09L,4,,,2023-06-20
2023-06-28,Reality,2023,https://boxd.it/4rfm9p,3,,,2023-06-28
2023-06-28,This Is the End,2013,https://boxd.it/4rgckf,2.5,Yes,,2023-06-28
2023-06-29,Brief Encounter,1945,https://boxd.it/4rk3Sv,3.5,,,2023-06-28
2023-07-06,Witness,1985,https://boxd.it/4trTNf,3,,,2023-07-05
2023-07-06,Rounders,1998,https://boxd.it/4tszV1,3.5,,,2023-07-05
2023-07-07,On the Waterfront,1954,https://boxd.it/4tJbYJ,4,,,2023-07-06
2023-07-09,The Color of Money,1986,https://boxd.it/4uvtpD,,,,2023-07-09
2023-07-09,The Age of Innocence,1993,https://boxd.it/4uxDHB,,,,2023-07-09
2023-07-11,The Covenant,2023,https://boxd.it/4v8vrT,,,,2023-07-11
2023-07-16,Raiders of the Lost Ark,1981,https://boxd.it/4wDUwv,,,,2023-07-15
2023-07-29,Spider-Man: Across the Spider-Verse,2023,https://boxd.it/4BpNv3,,,,2023-07-25
2023-07-29,Oppenheimer,2023,https://boxd.it/4BpN1R,,,,2023-07-27
2023-07-29,Barbie,2023,https://boxd.it/4BpMrJ,,,,2023-07-28
2023-07-31,Diamonds Are Forever,1971,https://boxd.it/4C6mfN,,,,2023-07-30
2023-07-31,Never Say Never Again,1983,https://boxd.it/4C9jOL,,,,2023-07-30
2023-08-05,Mission: Impossible – Dead Reckoning Part One,2023,https://boxd.it/4E7UIT,,,,2023-08-04
2023-08-20,No Hard Feelings,2023,https://boxd.it/4ILpqZ,,,,2023-08-19
2023-08-20,Kandahar,2023,https://boxd.it/4ILpUZ,,,,2023-08-19
2023-08-20,12 Strong,2018,https://boxd.it/4INytR,,,,2023-08-19
2023-08-20,Biosphere,2022,https://boxd.it/4J3olZ,,,,2023-08-20
2023-08-20,The Pelican Brief,1993,https://boxd.it/4J4hSJ,,,,2023-08-20
2023-08-22,Platoon,1986,https://boxd.it/4JJAED,,,,2023-08-22
2023-08-23,Scream,1996,https://boxd.it/4JN7fd,,,,2023-08-22
2023-08-24,Extraction 2,2023,https://boxd.it/4KceKn,,,,2023-08-24
2023-09-06,The Equalizer 2,2018,https://boxd.it/4O57Q1,,,,2023-09-05
2023-09-06,Dungeons & Dragons: Honor Among Thieves,2023,https://boxd.it/4Of45V,,,,2023-09-06
2023-09-06,Malignant,2021,https://boxd.it/4Of49X,,,,2023-09-06
2023-09-07,Cruel Intentions,1999,https://boxd.it/4OhqNJ,,,,2023-09-06
2023-09-07,A Bigger Splash,2015,https://boxd.it/4OhU4z,,,,2023-09-06
2023-09-11,Passages,2023,https://boxd.it/4PGQ6Z,,,,2023-09-10
2023-10-02,Retribution,2023,https://boxd.it/4Vu6Zz,,,,2023-09-30
2023-10-02,Sun Alley,1999,https://boxd.it/4Vu7cX,,,,2023-09-30
2023-10-02,Princess Mononoke,1997,https://boxd.it/4Vu7mX,4,Yes,,2023-10-01
2023-10-02,For Your Eyes Only,1981,https://boxd.it/4Vu7x7,,,,2023-10-01
2023-10-07,Bottoms,2023,https://boxd.it/4X4283,,,,2023-10-06
2023-10-07,Inglourious Basterds,2009,https://boxd.it/4X7Dtt,4,Yes,,2023-10-06
2023-10-10,Marcel the Shell with Shoes On,2021,https://boxd.it/4Ye6xb,,,,2023-10-09
2023-10-14,The Equalizer 3,2023,https://boxd.it/4ZsGqH,,,,2023-10-11
2023-10-14,Madonna: Truth or Dare,1991,https://boxd.it/4ZsGzf,,,,2023-10-13
2023-10-16,Flight,2012,https://boxd.it/50tC8Z,,Yes,,2023-10-16
2023-10-16,Emma.,2020,https://boxd.it/50u5FN,2.5,Yes,,2023-10-16
2023-10-17,Beau Is Afraid,2023,https://boxd.it/50LYFR,,,,2023-10-17
2023-10-24,The Death of Stalin,2017,https://boxd.it/52MrZp,,Yes,,2023-10-22
2023-10-24,The Pigeon Tunnel,2023,https://boxd.it/531lYZ,,,,2023-10-24
2023-10-30,The Killer,2023,https://boxd.it/54QVJH,,,,2023-10-29
2023-11-02,Killers of the Flower Moon,2023,https://boxd.it/568I7F,,,,2023-11-01
2023-11-06,Bones and All,2022,https://boxd.it/57cvMx,,,,2023-11-05
2023-11-06,The Man Who Knew Too Much,1956,https://boxd.it/57gtln,,,,2023-11-05
2023-12-02,Napoleon,2023,https://boxd.it/5fG9RR,,,,2023-11-29
2023-12-04,Past Lives,2023,https://boxd.it/5gHDFn,,,,2023-12-03
2023-12-05,"Are You There God? It's Me, Margaret.",2023,https://boxd.it/5gS7kf,,,,2023-12-04
2023-12-08,The Creator,2023,https://boxd.it/5hKZDD,,,,2023-12-07
2023-12-08,May December,2023,https://boxd.it/5hWWFZ,,,,2023-12-08
2023-12-09,Atonement,2007,https://boxd.it/5hYzK7,,,,2023-12-08
2023-12-09,Intolerable Cruelty,2003,https://boxd.it/5i1fij,,,,2023-12-08
2023-12-10,Lightyear,2022,https://boxd.it/5ik9vz,,,,2023-12-09
2023-12-11,Elemental,2023,https://boxd.it/5iIhIT,,,,2023-12-10
2023-12-11,Anatomy of a Fall,2023,https://boxd.it/5iSHPV,,,,2023-12-10
2023-12-12,Maestro,2023,https://boxd.it/5jgzj1,,,,2023-12-11
2023-12-15,Klaus,2019,https://boxd.it/5kcA3T,3,Yes,,2023-12-14
2023-12-17,Godzilla Minus One,2023,https://boxd.it/5kY5Br,,,,2023-12-16
2023-12-25,Christmas As Usual,2023,https://boxd.it/5ojIQz,,,,2023-12-23
2023-12-26,The Muppet Christmas Carol,1992,https://boxd.it/5oG3lB,,,,2023-12-25
2023-12-26,Miracle on 34th Street,1994,https://boxd.it/5oG4cv,,,,2023-12-25
2023-12-27,The Associate,1996,https://boxd.it/5pjtXz,,,,2023-12-26
2023-12-31,Perfect Days,2023,https://boxd.it/5rZRkN,,,,2023-12-30
2024-01-08,Hercules,1997,https://boxd.it/5wFtQv,,Yes,,2024-01-01
2024-01-08,Quiz Lady,2023,https://boxd.it/5wFufP,,Yes,,2024-01-01
2024-01-08,Monty Python's The Meaning of Life,1983,https://boxd.it/5wFvsl,,,,2024-01-06
2024-01-08,Saltburn,2023,https://boxd.it/5wSHmP,,,,2024-01-07
2024-01-08,Gosford Park,2001,https://boxd.it/5xjX8D,,,,2024-01-08
2024-01-09,The Boy and the Heron,2023,https://boxd.it/5xxxdv,,,,2024-01-08
2024-01-11,20 Days in Mariupol,2023,https://boxd.it/5yB8yP,,,,2024-01-10
2024-01-12,Leave the World Behind,2023,https://boxd.it/5zrkJp,,,,2024-01-12
2024-01-22,Poor Things,2023,https://boxd.it/5Etvy7,,,,2024-01-21
2024-01-30,Next Goal Wins,2023,https://boxd.it/5InC9R,,,,2024-01-27
2024-01-29,The Holdovers,2023,https://boxd.it/5I051p,,,,2024-01-28
